{
	"system" : {
		"platform" : "windows64",
		"os_name" : "Windows 10",
		"os_version" : "10.0"
	},
	"error" : {
		"executable" : "quartus",
		"comment" : "not_applicable",
		"error_message" : "Access Violation at 0X0000000069A48AFD",
		"source_file" : "unknown",
		"line" : "0",
		"stack_trace" : "\t 0x69a48afc: QtGui4 + 0x3a8afc (?subWindowList@QMdiArea@@QEBA?AV?$QList@PEAVQMdiSubWindow@@@@W4WindowOrder@1@@Z + 0x2bc)\n\t 0x69a46085: QtGui4 + 0x3a6085 (?qt_metacast@QMdiArea@@UEAAPEAXPEBD@Z + 0x3e5)\n\t 0x69a47210: QtGui4 + 0x3a7210 (?resizeEvent@QMdiArea@@MEAAXPEAVQResizeEvent@@@Z + 0x240)\n\t 0x69700bcd: QtGui4 + 0x60bcd (?event@QWidget@@MEAA_NPEAVQEvent@@@Z + 0x50d)\n\t 0x69a22676: QtGui4 + 0x382676 (?event@QFrame@@MEAA_NPEAVQEvent@@@Z + 0x36)\n\t 0x694bf802: QtCore4 + 0x10f802 (?sendThroughObjectEventFilters@QCoreApplicationPrivate@@QEAA_NPEAVQObject@@PEAVQEvent@@@Z + 0x82)\n\t 0x696c2e81: QtGui4 + 0x22e81 (?notify_helper@QApplicationPrivate@@QEAA_NPEAVQObject@@PEAVQEvent@@@Z + 0xe1)\n\t 0x696c2b2f: QtGui4 + 0x22b2f (?notify@QApplication@@UEAA_NPEAVQObject@@PEAVQEvent@@@Z + 0x17bf)\n\t 0x694bd92b: QtCore4 + 0x10d92b (?notifyInternal@QCoreApplication@@AEAA_NPEAVQObject@@PEAVQEvent@@@Z + 0x7b)\n\t 0x697389b6: QtGui4 + 0x989b6 (?setGeometry_sys@QWidgetPrivate@@QEAAXHHHH_N@Z + 0xa76)\n\t 0x6970c270: QtGui4 + 0x6c270 (?setGeometry@QWidget@@QEAAXAEBVQRect@@@Z + 0xb0)\n\t 0x69a940f0: QtGui4 + 0x3f40f0 (?layoutChildren@QAbstractScrollAreaPrivate@@QEAAXXZ + 0x5e0)\n\t 0x69a498c7: QtGui4 + 0x3a98c7 (?currentPlatform@QApplicationPrivate@@SAIXZ + 0x917)\n\t 0x69a48fff: QtGui4 + 0x3a8fff (?currentPlatform@QApplicationPrivate@@SAIXZ + 0x4f)\n\t 0x69a49b0a: QtGui4 + 0x3a9b0a (?viewportEvent@QMdiArea@@MEAA_NPEAVQEvent@@@Z + 0x17a)\n\t 0x694bf802: QtCore4 + 0x10f802 (?sendThroughObjectEventFilters@QCoreApplicationPrivate@@QEAA_NPEAVQObject@@PEAVQEvent@@@Z + 0x82)\n\t 0x696c2e81: QtGui4 + 0x22e81 (?notify_helper@QApplicationPrivate@@QEAA_NPEAVQObject@@PEAVQEvent@@@Z + 0xe1)\n\t 0x696c2b2f: QtGui4 + 0x22b2f (?notify@QApplication@@UEAA_NPEAVQObject@@PEAVQEvent@@@Z + 0x17bf)\n\t 0x694bd92b: QtCore4 + 0x10d92b (?notifyInternal@QCoreApplication@@AEAA_NPEAVQObject@@PEAVQEvent@@@Z + 0x7b)\n\t 0x69a4b511: QtGui4 + 0x3ab511 (?closeEvent@QMdiSubWindow@@MEAAXPEAVQCloseEvent@@@Z + 0xa1)\n\t0x7ffce106e5e2: SYS_QUI + 0x3e5e2 (?closeEvent@QUI_MDI_SUB_WND@@MEAAXPEAVQCloseEvent@@@Z + 0x182)\n\t 0x69700be1: QtGui4 + 0x60be1 (?event@QWidget@@MEAA_NPEAVQEvent@@@Z + 0x521)\n\t 0x696c2e95: QtGui4 + 0x22e95 (?notify_helper@QApplicationPrivate@@QEAA_NPEAVQObject@@PEAVQEvent@@@Z + 0xf5)\n\t 0x696c2b2f: QtGui4 + 0x22b2f (?notify@QApplication@@UEAA_NPEAVQObject@@PEAVQEvent@@@Z + 0x17bf)\n\t 0x694bd92b: QtCore4 + 0x10d92b (?notifyInternal@QCoreApplication@@AEAA_NPEAVQObject@@PEAVQEvent@@@Z + 0x7b)\n\t 0x696fe260: QtGui4 + 0x5e260 (?close_helper@QWidgetPrivate@@QEAA_NW4CloseMode@1@@Z + 0xb0)\n\t0x7ffce10548b5: SYS_QUI + 0x248b5 (?close_all_in_list@QUI_FRAME_WND@@IEAA_NV?$QList@PEAVQMdiSubWindow@@@@PEAVQMdiSubWindow@@U_GUID@@@Z + 0x215)\n\t0x7ffce1054a02: SYS_QUI + 0x24a02 (?close_all_windows@QUI_FRAME_WND@@QEAA_NU_GUID@@@Z + 0x102)\n\t0x7ffce10545a1: SYS_QUI + 0x245a1 (?closeEvent@QUI_FRAME_WND@@MEAAXPEAVQCloseEvent@@@Z + 0x1e1)\n\t 0x69700be1: QtGui4 + 0x60be1 (?event@QWidget@@MEAA_NPEAVQEvent@@@Z + 0x521)\n\t 0x69a39d30: QtGui4 + 0x399d30 (?event@QMainWindow@@MEAA_NPEAVQEvent@@@Z + 0x280)\n\t 0x696c2e95: QtGui4 + 0x22e95 (?notify_helper@QApplicationPrivate@@QEAA_NPEAVQObject@@PEAVQEvent@@@Z + 0xf5)\n\t 0x696c2b2f: QtGui4 + 0x22b2f (?notify@QApplication@@UEAA_NPEAVQObject@@PEAVQEvent@@@Z + 0x17bf)\n\t 0x694bd92b: QtCore4 + 0x10d92b (?notifyInternal@QCoreApplication@@AEAA_NPEAVQObject@@PEAVQEvent@@@Z + 0x7b)\n\t 0x696fe258: QtGui4 + 0x5e258 (?close_helper@QWidgetPrivate@@QEAA_NW4CloseMode@1@@Z + 0xa8)\n\t 0x69727956: QtGui4 + 0x87956 (?winMouseButtonUp@QApplication@@SAXXZ + 0x1006)\n\t0x7ffcf8afe857: USER32 + 0xe857 (CallWindowProcW + 0x3f7)\n\t0x7ffcf8afe3db: USER32 + 0xe3db (DispatchMessageW + 0x39b)\n\t0x7ffcf8b10bc2: USER32 + 0x20bc2 (SendMessageTimeoutW + 0x142)\n\t0x7ffcfa4f0b73: ntdll + 0xa0b73 (KiUserCallbackDispatcher + 0x23)\n\t0x7ffcf8471123: win32u + 0x1123 (NtUserMessageCall + 0x13)\n\t0x7ffcf8afcaf4: USER32 + 0xcaf4 (GetWindowTextW + 0x804)\n\t0x7ffcf8afc2ae: USER32 + 0xc2ae (IsIconic + 0xbe)\n\t0x7ffcf1c196f1: uxtheme + 0x96f1 (GetUserColorPreference + 0x1271)\n\t0x7ffcf1c33451: uxtheme + 0x23451 (Ordinal96 + 0x491)\n\t0x7ffcf1c1b7d8: uxtheme + 0xb7d8 (IsCompositionActive + 0x1fb8)\n\t0x7ffcf1c1b240: uxtheme + 0xb240 (IsCompositionActive + 0x1a20)\n\t0x7ffcf8afc7e2: USER32 + 0xc7e2 (GetWindowTextW + 0x4f2)\n\t 0x69b9bbf7: QtGui4 + 0x4fbbf7 (?widgetDestroyed@QInputContext@@UEAAXPEAVQWidget@@@Z + 0x307)\n\t 0x69727915: QtGui4 + 0x87915 (?winMouseButtonUp@QApplication@@SAXXZ + 0xfc5)\n\t0x7ffcf8afe857: USER32 + 0xe857 (CallWindowProcW + 0x3f7)\n\t0x7ffcf8afe298: USER32 + 0xe298 (DispatchMessageW + 0x258)\n\t 0x694e2802: QtCore4 + 0x132802 (?processEvents@QEventDispatcherWin32@@UEAA_NV?$QFlags@W4ProcessEventsFlag@QEventLoop@@@@@Z + 0x3e2)\n\t 0x69720eb4: QtGui4 + 0x80eb4 (?openPopup@QApplicationPrivate@@QEAAXPEAVQWidget@@@Z + 0x204)\n\t 0x694ba88b: QtCore4 + 0x10a88b (?exec@QEventLoop@@QEAAHV?$QFlags@W4ProcessEventsFlag@QEventLoop@@@@@Z + 0x22b)\n\t 0x694bce6f: QtCore4 + 0x10ce6f (?exec@QCoreApplication@@SAHXZ + 0xdf)\n\t0x7ff6ba94197b: quartus + 0x197b (?qgq_main@@YAHHPEAPEBD@Z + 0x7b)\n\t0x7ffcd9202e98: CCL_MSG + 0x12e98 (?msg_main_thread@@YAPEAXPEAX@Z + 0x18)\n\t0x7ffcd920467e: CCL_MSG + 0x1467e (?msg_thread_wrapper@@YAPEAXP6APEAXPEAX@Z0@Z + 0x6e)\n\t0x7ffcd9306660: ccl_mem + 0x16660 (?mem_thread_wrapper@@YAPEAXP6APEAXPEAX@Z0@Z + 0x70)\n\t0x7ffcd9202761: CCL_MSG + 0x12761 (?msg_exe_main@@YAHHPEAPEBDP6AHH0@Z@Z + 0xa1)\n\t0x7ff6ba9424e7: quartus + 0x24e7 (WinMain + 0x127)\n\t0x7ff6ba941e58: quartus + 0x1e58 (__tmainCRTStartup + 0x148)\n\t0x7ffcf8827033: KERNEL32 + 0x17033 (BaseThreadInitThunk + 0x13)\n\t0x7ffcfa4a2650: ntdll + 0x52650 (RtlUserThreadStart + 0x20)\n",
		"subsystem" : "unknown"
	},
	"quartus" : {
		"quartus_bits" : "64",
		"version" : "18.1.0",
		"build" : "625",
		"edition" : "Lite Edition"
	}
}