{
	"partitions" : [
		{
			"name" : "Top",
			"pins" : [
				{
					"name" : "h_sync",
					"strict" : false
				},
				{
					"name" : "v_sync",
					"strict" : false
				},
				{
					"name" : "rgb_r[0]",
					"strict" : false
				},
				{
					"name" : "rgb_r[1]",
					"strict" : false
				},
				{
					"name" : "rgb_r[2]",
					"strict" : false
				},
				{
					"name" : "rgb_r[3]",
					"strict" : false
				},
				{
					"name" : "rgb_r[4]",
					"strict" : false
				},
				{
					"name" : "rgb_r[5]",
					"strict" : false
				},
				{
					"name" : "rgb_r[6]",
					"strict" : false
				},
				{
					"name" : "rgb_r[7]",
					"strict" : false
				},
				{
					"name" : "rgb_g[0]",
					"strict" : false
				},
				{
					"name" : "rgb_g[1]",
					"strict" : false
				},
				{
					"name" : "rgb_g[2]",
					"strict" : false
				},
				{
					"name" : "rgb_g[3]",
					"strict" : false
				},
				{
					"name" : "rgb_g[4]",
					"strict" : false
				},
				{
					"name" : "rgb_g[5]",
					"strict" : false
				},
				{
					"name" : "rgb_g[6]",
					"strict" : false
				},
				{
					"name" : "rgb_g[7]",
					"strict" : false
				},
				{
					"name" : "rgb_b[0]",
					"strict" : false
				},
				{
					"name" : "rgb_b[1]",
					"strict" : false
				},
				{
					"name" : "rgb_b[2]",
					"strict" : false
				},
				{
					"name" : "rgb_b[3]",
					"strict" : false
				},
				{
					"name" : "rgb_b[4]",
					"strict" : false
				},
				{
					"name" : "rgb_b[5]",
					"strict" : false
				},
				{
					"name" : "rgb_b[6]",
					"strict" : false
				},
				{
					"name" : "rgb_b[7]",
					"strict" : false
				},
				{
					"name" : "rst_n",
					"strict" : false
				}
			]
		}
	]
}